nome,genero,presenca_plenario,ausencia_plenario,ausencia_justificada_plenario,presenca_comissao,ausencia_comissao,ausencia_justificada_comissao,data_nascimento,gasto_total_par,gasto_jan_par,gasto_fev_par,gasto_mar_par,gasto_abr_par,gasto_maio_par,gasto_junho_par,gasto_jul_par,gasto_agosto_par,gasto_set_par,gasto_out_par,gasto_nov_par ,salario_bruto_par,gasto_total_gab,gasto_jan_gab,gasto_fev_gab,gasto_mar_gab,gasto_abr_gab,gasto_maio_gab,gasto_junho_gab,gasto_jul_gab,gasto_agosto_gab,gasto_set_gab,gasto_out_gab,quant_viagem
 JOSÉ ALFONSO EBERT HAMM,M,82,10,9,23,19,4,25/04/1962,360946.22,26704.69,38280.59,55051.73,63625.31,51839.35,42409.07,42196.47,28571.5,8175.08,2806.25,1286.18,33763.0,1113027.42,111586.8,111586.8,111586.8,109249.43,111405.22,111659.59,111016.81,111616.75,111659.61,111659.61,0
 ADOLFO VIANA DE CASTRO NETO,M,74,18,18,3,2,0,02/02/1981,325687.23,52708.8,40019.47,45679.91,28915.46,51013.39,21158.76,53593.14,17135.9,6189.67,9272.73,0.0,33763.0,1038693.82,99324.67,102260.18,104117.05,105126.72,105126.72,104072.48,102746.18,105126.72,105126.72,105666.38,0
 ADRIANO ANTÔNIO AVELAR,M,84,8,7,9,0,0,06/09/1969,240672.02,26827.37,31162.48,34102.08,32659.2,43822.18,18733.88,26482.48,14069.31,6697.41,6115.63,0.0,33763.0,1091517.67,109773.26,106916.25,106916.25,107440.95,110064.42,109807.22,110492.94,109977.54,110064.42,110064.42,0
 ACÁCIO DA SILVA FAVACHO NETO,M,62,30,30,7,23,10,28/09/1983,374453.68,55593.56,68164.59,36043.19,33949.34,34152.0,31013.23,28767.5,36398.45,24232.9,26138.92,0.0,33763.0,1102803.66,111580.74,110219.17,111580.74,111580.74,111616.38,111344.83,104998.59,107400.25,111241.11,111241.11,0
 AFONSO ANTUNES DA MOTTA,M,90,2,0,33,26,10,08/01/1950,369824.33,32139.72,33987.87,68366.38,63600.42,35921.8,29311.4,34287.44,24321.7,17123.36,28380.57,2383.67,33763.0,1032442.88,104034.98,104034.98,103913.86,100280.23,99498.32,99974.51,104249.61,105630.26,105630.26,105195.87,0
 AELTON JOSÉ DE FREITAS,M,83,9,2,22,16,2,15/12/1961,371470.66,37592.87,44508.37,46095.45,33084.47,49928.24,19715.12,38644.85,22680.38,19806.39,58251.64,1162.88,33763.0,1102022.19,111326.04,111343.59,111629.35,111629.35,111457.94,111397.84,107361.35,107874.6,107874.6,110127.53,0
 AFONSO BANDEIRA FLORENCE,M,79,13,13,7,17,2,15/10/1960,326342.2,49117.18,40471.77,63232.46,51564.67,16600.9,32319.33,21335.62,19915.04,12458.57,19326.66,0.0,33763.0,1113757.81,111448.69,111580.78,111503.72,111580.81,111279.06,111350.26,110053.76,111653.57,111653.58,111653.58,0
 PAULO SERGIO ABOU ANNI,M,87,5,3,22,14,1,06/11/1966,302280.85,27405.24,16072.33,68763.27,67772.79,75533.07,13287.62,13475.02,2147.73,3052.73,13667.56,1103.49,33763.0,1106081.53,110146.28,109221.14,108215.19,111647.46,111647.46,111647.46,111520.66,110906.26,111574.67,109554.95,0
 ALESSANDRO LUCCIOLA MOLON,M,91,1,0,12,28,0,28/10/1971,264688.99,31570.48,30384.44,50567.81,42126.95,31402.04,27611.34,29589.18,10440.68,857.51,10138.56,0.0,33763.0,1030438.74,101372.0,101372.0,101372.0,101372.0,106377.09,105013.12,107668.34,104046.06,98184.61,103661.52,0
 AIRTON LUIZ FALEIRO,M,80,12,2,39,35,1,16/03/1959,322175.7,35394.75,15750.75,52334.7,69448.32,59994.95,30701.91,23743.07,13560.75,10000.01,11246.49,0.0,33763.0,1106094.83,110495.06,109093.86,108711.72,110056.29,111289.65,111289.65,111289.65,111289.65,111289.65,111289.65,0
 ANTONIO JOSE AGUIAR ALBUQUERQUE,M,77,15,8,8,12,4,26/09/1983,291592.63,20904.41,48923.15,29493.45,50213.67,61247.64,8046.24,21729.25,18453.95,10715.78,21287.81,577.28,33763.0,1070478.23,111386.57,111386.57,111386.57,111127.78,111422.99,111217.97,109372.75,91130.31,101450.8,100595.92,0
 ALENCAR SANTANA BRAGA,M,80,12,12,22,1,1,14/03/1976,278800.02,34345.52,35493.58,35440.42,38514.9,38770.46,18197.7,26020.76,6807.71,1491.64,43114.24,603.09,33763.0,1110423.93,111647.56,108748.11,110276.93,111574.82,111574.82,111574.82,111574.82,110900.35,111538.44,111013.26,0
 ALCIDES RODRIGUES FILHO,M,88,4,0,51,9,0,08/10/1950,353296.43,8890.42,41162.85,42491.68,43132.46,49169.45,47869.0,38484.01,34961.71,43557.1,2541.76,1035.99,33763.0,1070565.32,97480.3,101596.46,101596.46,103343.42,109370.27,111049.41,111532.25,111532.25,111532.25,111532.25,0
 ALCEU MOREIRA DA SILVA,M,79,13,10,25,10,6,04/06/1954,336538.9,33409.67,47543.73,66396.79,41576.56,28880.58,28442.87,24547.55,21775.28,18521.58,23710.83,1733.46,33763.0,1099097.84,111429.24,111429.24,111389.34,109930.0,111580.9,111595.06,111376.03,111097.0,104210.91,105060.12,0
 ALEX MARCO SANTANA SOUSA,M,79,13,8,11,15,5,22/06/1972,351477.62,36828.58,40726.95,45254.75,45428.67,30562.91,32839.29,36321.0,33993.98,23336.07,26043.82,141.6,33763.0,1112649.83,110321.85,111060.2,110244.74,111574.72,111574.72,111574.72,111574.72,111574.72,111574.72,111574.72,0
 ALEXANDRE LEITE DA SILVA,M,87,5,5,56,8,0,18/04/1989,349284.05,36267.67,43626.71,33452.69,51312.23,48150.79,46525.13,23552.93,23766.2,20428.05,22201.65,0.0,33763.0,947897.17,93571.49,93571.49,93571.49,94428.17,94899.88,94899.88,96331.01,98874.32,93874.72,93874.72,0
 ALEXANDRE FROTA DE ANDRADE,M,57,35,33,7,5,5,14/10/1963,386296.69,47863.87,40252.01,44806.14,24966.69,42290.53,37104.55,24453.51,44820.06,21506.06,35041.99,23191.28,33763.0,1086843.56,107991.6,111429.16,109887.26,108754.73,110016.99,107515.45,106646.5,110875.93,109669.6,104056.34,0
 ALEXANDRE ROCHA SANTOS PADILHA,M,90,2,1,87,33,6,14/09/1971,291230.47,28905.73,34326.01,51157.02,37221.27,45106.22,23223.65,21479.04,9118.1,10932.37,29600.66,160.4,33763.0,1114786.73,111641.51,111641.51,111641.51,111641.51,111641.51,111641.51,110013.14,111641.51,111641.51,111641.51,0
 EMIDIO ALVES MADEIRA JUNIOR,M,80,12,12,16,6,4,10/03/1967,300056.22,56761.57,45061.77,39330.09,32196.96,44434.07,26760.94,20847.93,15245.77,11938.26,7418.86,60.0,33763.0,1114845.39,110980.22,110980.22,111528.12,111617.15,111623.22,111623.22,111623.28,111623.32,111623.32,111623.32,0
 EMANUEL PINHEIRO DA SILVA PRIMO,M,70,22,3,11,8,1,05/01/1995,260989.2,18918.9,40897.04,43529.5,29158.03,34158.66,52895.35,15688.43,14630.6,825.9,6028.96,4257.83,33763.0,1067534.67,108820.92,109941.35,111435.25,111435.25,110245.56,109803.54,108192.76,97773.24,100583.45,99303.35,0
 ENRICO VAN BLARCUM DE GRAAFF MISASI,M,87,5,0,43,21,0,06/08/1994,323053.98,24947.21,28095.55,42425.59,43740.7,54222.55,37817.19,41206.87,22642.88,16871.36,11025.61,58.47,33763.0,1106991.7,111586.88,111302.18,110816.09,106788.8,110974.2,110159.38,111013.37,111312.77,111544.46,111493.57,0
 ENIO JOSÉ VERRI,M,89,3,2,32,4,0,27/03/1961,350522.15,38190.58,37467.64,68879.63,38986.43,43960.07,29704.02,25886.97,22258.37,24764.98,20363.46,60.0,33763.0,1111367.61,111398.83,111398.83,111398.83,110220.44,110749.59,110538.29,111455.18,110876.18,111665.72,111665.72,0
 EVAIR VIEIRA DE MELO,M,87,5,3,67,5,1,02/04/1972,316638.7,38264.38,46197.13,62458.72,38441.09,43315.06,24394.91,23069.95,14844.44,2615.55,22921.21,116.26,33763.0,1096962.77,106904.01,110527.26,107201.84,107178.21,108042.26,111172.72,111328.33,111555.88,111526.13,111526.13,0
 EXPEDITO GONCALVES FERREIRA NETTO,M,82,10,9,2,19,3,05/10/1988,222912.39,14767.54,30093.83,33348.33,30510.09,25416.15,18925.02,27570.19,12641.28,1388.85,26729.31,1521.8,33763.0,1099381.29,111544.33,111544.33,111544.33,111529.16,111539.45,111100.52,109785.83,109894.82,110132.19,100766.33,0
 EROS FERREIRA BIONDINI,M,88,4,4,33,15,1,20/05/1971,281611.85,22401.97,30438.97,33405.69,31526.03,36712.77,29487.2,35290.07,20709.2,17992.3,21750.88,1896.77,33763.0,836020.4,90223.04,90223.04,86035.27,78682.22,79786.71,78922.44,78922.44,79682.04,86771.6,86771.6,0
 FABIO HENRIQUE SANTANA DE CARVALHO,M,90,2,0,75,22,0,19/06/1972,393613.32,40955.79,38278.23,46688.34,53420.14,51837.95,35534.63,55589.55,49846.87,10956.64,10467.67,37.51,33763.0,1103960.07,110763.22,111436.47,110870.47,105066.49,109456.57,110377.32,111465.54,111465.54,111465.54,111592.91,0
 FELÍCIO LATERÇA DE ALMEIDA,M,84,8,7,103,12,6,26/05/1967,350247.62,33761.68,41861.86,62060.32,40359.41,38642.49,19555.55,31845.6,22935.73,20966.82,36513.88,1744.28,33763.0,1070004.37,103822.74,108245.62,111562.78,109721.17,92281.25,106166.2,108227.55,109988.01,108902.3,111086.75,0
 FÁBIO LUIZ SCHIOCHET FILHO,M,85,7,3,20,7,2,31/05/1988,376844.53,37195.31,41648.6,42043.11,46815.31,43700.43,50091.13,31304.74,25939.12,21593.26,32923.73,3589.79,33763.0,1114119.12,111568.63,111568.63,111568.63,111568.63,111568.63,111544.55,111526.14,111107.56,111107.56,110990.16,0
 FÁBIO AUGUSTO RAMALHO DOS SANTOS,M,88,4,0,19,17,0,22/12/1961,289106.94,37959.25,46993.7,34431.36,27698.63,36101.94,23280.97,25058.29,19706.66,17071.96,19557.03,1247.15,33763.0,1073082.8,106849.52,105995.76,104102.48,110337.36,103699.99,104762.87,104762.87,110775.07,111665.77,110131.11,0
 FABIO DE ALMEIDA REIS,M,80,12,4,35,1,0,15/04/1977,312655.57,39865.8,33581.68,32144.11,43493.01,38648.54,34772.71,32086.43,21185.4,13796.32,22090.53,991.04,33763.0,1107209.05,108307.92,109336.37,109408.57,111574.66,111574.66,111574.66,111574.66,111574.66,111574.66,110708.23,0
 FAUSTO RUY PINATO,M,77,15,12,43,22,11,01/06/1977,338123.53,23272.69,28054.73,37320.63,39811.88,63069.18,29443.84,35430.36,32548.24,26577.3,22521.07,73.61,33763.0,980822.68,91753.84,90661.58,91078.38,93641.4,98083.43,98203.3,101733.13,105365.38,105151.12,105151.12,0
 FÁBIO RICARDO TRAD,M,90,2,1,88,3,0,18/08/1969,152333.76,9479.45,21339.35,11214.78,41034.1,25209.13,12053.32,5465.7,14089.48,2400.9,10011.5,36.05,33763.0,1112229.14,111501.88,111501.88,111501.88,111324.76,111501.88,111501.88,111501.88,111501.88,110217.75,110173.47,0
 FELIPE AUGUSTO LYRA CARRERAS,M,77,15,6,70,42,9,16/04/1975,184012.22,14274.35,25074.36,24477.74,14515.87,21740.82,16037.4,21745.42,29974.45,4715.52,11456.29,0.0,33763.0,1110530.22,108137.52,111659.58,111659.58,111659.58,111659.58,111571.02,109331.88,111617.16,111617.16,111617.16,0
 LUIS FELIPE BONATTO FRANCISCHINI,M,86,6,2,26,40,1,02/10/1991,290395.16,36420.46,40851.46,28714.76,44628.8,52025.43,41969.22,15569.99,12110.34,3776.09,14128.61,200.0,33763.0,1107177.89,111598.86,111598.86,111598.86,111598.86,111598.86,111598.86,111598.86,110754.73,107237.53,107993.61,0
 FELIPE RIGONI LOPES,M,86,6,6,84,39,7,13/06/1991,314203.45,41526.2,38040.74,37743.41,40781.58,54439.33,34092.96,18297.1,23638.57,9243.23,14963.23,1437.1,33763.0,961510.1,97934.05,100493.35,100959.56,100959.56,104522.55,89598.5,80482.02,93565.41,93565.41,99429.69,0
 FELIX DE ALMEIDA MENDONÇA JÚNIOR,M,86,6,6,30,24,8,29/11/1963,324962.29,30256.2,36235.51,35264.16,42584.56,50388.49,23719.29,43121.12,20178.34,14497.37,26697.48,2019.77,33763.0,1093456.69,111574.69,111574.69,111574.69,111574.69,111574.69,99983.33,107556.02,108772.32,109170.84,110100.73,0
 JAZIEL PEREIRA DE SOUSA,M,69,23,3,12,27,1,03/05/1961,332318.98,53231.07,44873.85,55545.89,35428.27,35377.77,36517.71,20837.34,20773.89,21505.53,8227.66,0.0,33763.0,1115897.66,111279.95,111565.34,111653.51,111653.51,111653.51,111477.8,111653.51,111653.51,111653.51,111653.51,0
 FREDERICO DE CASTRO ESCALEIRA,M,83,9,0,24,57,0,24/03/1977,310970.98,31170.62,36914.75,42269.93,38087.59,42514.0,33769.22,28862.16,24728.5,11486.99,20931.45,235.77,33763.0,1106826.4,111212.41,111201.53,110944.53,108641.77,111313.96,110772.89,111313.96,110891.9,111313.96,109219.49,0
 LUIZ ALBERTO OVANDO,M,86,6,5,70,12,0,25/09/1949,353911.42,40038.05,41231.34,52947.39,46480.82,47335.38,30870.88,29474.27,27038.62,21752.29,13797.33,2945.05,33763.0,973451.59,96640.72,96640.72,97315.81,97550.62,97550.62,97550.62,97550.62,97550.62,97550.62,97550.62,0
 LEONARDO RIBEIRO ALBUQUERQUE,M,91,1,0,27,3,1,14/06/1978,319714.69,42371.4,36053.31,44978.86,51992.4,41703.89,36956.95,29525.44,11128.25,9478.35,15240.77,285.07,33763.0,1047250.04,99981.22,100959.57,99231.78,108961.58,104982.41,110759.92,111287.34,105356.57,102212.41,103517.24,0
 ZACARIAS CALIL HAMU,M,82,10,10,85,35,8,05/11/1953,227743.53,25614.66,32870.88,33504.56,32975.66,32600.29,18394.14,17770.75,7364.25,5479.94,20331.91,836.49,33763.0,806210.41,83672.5,77891.18,81413.26,83956.98,83956.98,83754.79,77891.18,77891.18,77891.18,77891.18,0
 EDILAZIO GOMES DA SILVA JUNIOR,M,87,5,5,12,1,1,04/05/1981,274890.22,29645.7,67991.37,21709.65,54054.0,19692.5,28378.82,18023.27,5308.77,14235.23,15850.91,0.0,33763.0,1113908.02,111402.54,111185.22,111659.65,111166.3,111659.65,111659.65,111659.65,110963.46,111241.12,111310.78,0
 EDUARDO LUIZ BARROS BARBOSA,M,92,0,0,91,17,0,25/08/1958,247845.06,22913.32,25992.8,30951.65,37263.0,34686.06,29255.32,23832.28,9244.83,5608.98,27466.51,630.31,33763.0,1114565.19,111453.35,111453.35,111453.35,111453.35,111453.35,111453.35,111453.35,111453.35,111453.35,111485.04,0
 JOSE EDUARDO PEREIRA DA COSTA,M,83,9,9,10,15,6,16/02/1968,333478.23,37602.77,29483.97,45130.56,42628.52,64988.16,22063.45,21894.85,13694.3,16136.05,37509.9,2345.7,33763.0,1112028.74,111313.96,111313.96,111421.78,111429.22,111429.22,111429.22,111429.22,110376.5,111374.63,110511.03,0
 ÉDIO VIEIRA LOPES,M,71,21,5,18,7,2,04/01/1952,352768.46,42432.81,39836.4,47117.63,54268.93,97784.62,14519.68,22739.81,16900.14,1349.74,15390.97,427.73,33763.0,1109839.83,110495.02,110495.02,111469.88,111408.97,111368.53,111370.96,111441.31,111441.31,111441.31,108907.52,0
 EDUARDO HENRIQUE DA FONTE DE ALBUQUERQUE SILVA,M,84,8,3,2,41,1,17/10/1972,329401.1,34083.35,42566.48,45258.71,48013.04,46806.07,25355.86,21639.01,25533.18,16566.48,23578.92,0.0,33763.0,1055312.52,110448.12,108787.76,97120.73,102047.21,105204.32,111471.69,102622.24,103739.73,108433.33,105437.39,0
 EFRAIM DE ARAÚJO MORAIS FILHO,M,73,19,9,6,19,5,18/03/1979,265206.49,31920.25,54289.28,52463.46,51650.4,42763.1,7412.58,9627.39,8755.96,1.36,5893.42,429.29,33763.0,1115589.62,111148.6,111617.23,111617.23,111617.23,111617.23,111617.23,111617.23,111617.23,111575.98,111544.43,0
 ADRIANO ELI CORRÊA,M,82,10,0,42,27,0,13/01/1976,265305.28,22593.3,23225.37,28285.66,57687.8,56126.53,30297.57,22196.45,6522.28,421.69,17948.63,0.0,33763.0,1048068.72,105205.6,105205.6,105205.6,105205.6,101881.14,104761.01,106115.52,106115.52,106115.52,102257.61,0
 ELI DIAS BORGES,M,81,11,0,6,11,0,01/09/1960,389429.95,31188.98,46066.46,51592.15,46239.19,48724.2,43313.71,41770.08,35826.39,32575.57,10263.37,1869.85,33763.0,1104364.78,111130.49,111392.69,111205.19,108796.48,110064.23,111248.28,109041.83,110416.27,110246.84,110822.48,0
 ELIAS VAZ DE ANDRADE,M,82,10,9,81,19,5,04/07/1966,167084.01,15838.58,26200.21,25592.46,27999.68,27596.14,12853.99,11787.89,3017.22,323.45,15362.24,512.15,33763.0,1074212.44,105866.83,105866.83,104555.04,105866.83,106630.73,108826.95,108826.95,108826.95,108826.95,110118.38,0
 FERNANDO BEZERRA DE SOUZA COELHO FILHO,M,81,11,5,6,43,4,28/02/1984,289091.64,32904.38,35321.53,50966.51,42640.35,22991.65,38141.86,34943.44,7902.03,1571.47,20930.42,778.0,33763.0,1087816.23,106461.21,106461.21,106461.21,106461.21,107548.75,111277.47,111277.47,110295.4,110786.15,110786.15,0
 FILIPE BARROS BAPTISTA DE TOLEDO RIBEIRO,M,82,10,10,13,13,3,29/05/1991,289321.08,39534.77,31282.38,56382.81,46765.21,50641.59,43365.67,18271.75,239.65,40.19,1714.17,1082.89,33763.0,938905.52,97669.43,98842.46,98853.61,101434.99,105314.69,105934.61,105601.33,88221.2,71613.4,65419.8,0
 FLAVIANO FLÁVIO BAPTISTA DE MELO,M,82,10,10,3,1,0,17/11/1949,438870.21,34282.68,37155.36,51227.13,29713.9,79405.7,25480.53,38048.4,39592.1,54822.12,29142.29,20000.0,33763.0,1104480.65,107904.83,107983.89,111367.03,111659.62,111659.62,111659.62,111659.62,110227.3,110179.56,110179.56,0
 FLÁVIO RODRIGUES NOGUEIRA,M,91,1,1,39,4,0,27/02/1953,395772.41,38329.27,41835.51,39604.13,37048.37,42494.03,47068.0,42082.62,36727.61,36484.39,34098.48,0.0,33763.0,1106884.69,110937.69,110937.69,111074.66,110962.76,111467.18,111544.27,111544.27,111544.27,111544.27,105327.63,0
 FRANCISCO RODRIGUES VALE JUNIOR,M,87,5,3,25,8,2,15/03/1969,309142.86,17093.58,30616.27,50032.21,33547.1,38718.63,30008.06,31405.2,20504.95,10000.71,26688.21,20527.94,33763.0,1076485.1,110440.58,110440.58,110440.58,110440.58,108630.41,108370.3,101304.39,105472.56,105472.56,105472.56,0
 FERNANDO RODOLFO TENORIO DE VASCONCELOS,M,83,9,4,17,54,3,17/11/1983,302649.08,34398.75,35640.31,48456.09,61790.5,42253.99,30175.92,26376.1,10140.69,7883.19,5533.54,0.0,33763.0,1015741.66,110824.9,108472.48,109833.05,104726.42,110607.73,107797.77,106334.87,77927.2,90812.99,88404.25,0
 FRANCO CARTAFINA GOMES,M,86,6,3,44,19,4,03/11/1986,318135.2,28065.1,33009.58,43304.17,45119.68,52088.32,34699.31,22247.15,51692.11,5409.62,2332.94,167.22,33763.0,1112857.76,110962.06,110962.06,110962.06,110962.06,111166.17,111568.67,111568.67,111568.67,111568.67,111568.67,0
 FREDERICO BORGES DA COSTA,M,83,9,9,14,6,1,12/07/1977,285262.12,14730.3,29479.43,41701.41,55095.45,44266.74,24177.23,21336.08,23057.48,15301.98,12687.52,3428.5,33763.0,1077826.83,110167.89,108567.01,109305.97,109305.97,109563.08,108452.71,101554.25,109006.01,107977.56,103926.38,0
 ANTONIO RIBEIRO,M,86,6,6,30,18,4,03/03/1944,361696.7,40812.78,41699.11,53527.13,42212.73,53135.08,32573.14,21560.81,17788.85,19494.29,37582.25,1310.53,33763.0,1106146.52,110889.19,110889.19,110889.19,110313.55,109560.78,110047.86,110889.19,110889.19,110889.19,110889.19,0
 GELSON DE AZEVEDO ALMEIDA,M,88,4,0,17,13,0,10/01/1965,320500.73,17208.87,18142.04,73589.54,23955.82,60671.3,21380.73,24088.36,10719.92,15215.86,4613.07,50915.22,33763.0,1112585.65,111429.1,111429.1,111429.1,111207.7,111523.22,111580.75,111580.75,111580.75,111580.75,109244.43,0
 ELIÉSER GIRÃO MONTEIRO FILHO,M,85,7,4,47,9,3,08/05/1955,363091.99,37148.25,58184.62,39315.76,43316.28,45230.05,37619.01,23969.66,26317.64,11257.52,39833.77,899.43,33763.0,1114542.85,111550.61,111550.61,111550.61,111550.61,111550.61,110587.36,111550.61,111550.61,111550.61,111550.61,0
 GENECIAS MATEUS NORONHA,M,58,34,31,0,0,0,13/03/1963,182956.8,6912.14,17143.52,35003.95,26327.99,19477.71,14497.11,13104.39,10260.84,26907.04,13322.11,0.0,33763.0,1012113.82,92989.03,98109.44,100534.9,101430.22,99984.28,106905.63,103040.08,103040.08,103040.08,103040.08,0
 ROBERTO SEBASTIÃO PETERNELLI JUNIOR,M,89,3,0,132,21,0,06/08/1954,219516.2,17011.69,44800.56,44569.19,22660.96,25933.02,28500.81,13743.54,9053.72,5578.56,7617.8,46.35,33763.0,730045.66,67824.41,70484.71,70484.71,74499.52,79446.76,86394.48,95109.95,76397.8,54701.66,54701.66,0
 EUGENIO JOSÉ ZULIANI,M,51,41,17,9,54,17,13/01/1976,286007.56,35715.9,40468.18,42837.22,40713.17,63995.25,18553.55,16151.75,15973.11,2755.29,8115.64,728.5,33763.0,1080042.52,111641.38,111641.38,111641.38,106897.3,106370.18,106370.18,106370.18,106370.18,106370.18,106370.18,0
 GERVÁSIO AGRIPINO MAIA,M,81,11,5,36,19,5,14/04/1975,270049.07,23330.03,37075.33,36581.92,43748.87,45588.36,26193.97,18498.45,14012.0,10194.19,13781.2,1044.75,33763.0,1105894.42,111615.5,110598.88,110561.62,110298.77,109955.04,109955.04,110552.62,111283.45,110263.58,110809.92,0
 GILLIANO FRED NASCIMENTO CUTRIM,M,76,16,5,22,31,4,26/10/1979,406001.14,46898.79,47176.96,48122.54,51226.09,58582.87,18377.58,25986.45,21934.68,12653.68,75041.5,0.0,33763.0,1115308.02,111301.75,111301.75,111619.5,111641.41,111641.41,111641.41,111641.41,111641.41,111641.41,111236.56,0
 GIOVANI CHERINI,M,86,6,3,40,16,3,23/06/1960,419082.83,35135.42,42357.46,49953.41,49975.7,53766.31,54876.19,39994.44,42715.35,21531.51,27017.18,1759.86,33763.0,1114323.38,111574.7,111574.7,111574.7,111574.7,111574.7,110520.47,111205.28,111574.71,111574.71,111574.71,0
 GILBERTO APARECIDO ABRAMO,M,85,7,2,19,7,1,06/08/1966,276601.65,18146.52,22003.33,27404.71,34209.75,32718.06,23558.03,15039.8,18280.76,12603.88,12846.34,59790.47,33763.0,1077796.52,106564.34,106564.34,107092.65,108384.08,108384.08,108384.08,107270.71,108384.08,108384.08,108384.08,0
 GILSON MARQUES VIEIRA,M,88,4,4,40,10,5,12/04/1981,50883.26,3483.84,5736.09,5095.21,6494.69,11767.82,7335.78,6816.37,1383.89,3.11,2766.46,0.0,33763.0,798657.16,78079.2,78079.2,78079.2,79784.92,80772.44,80772.44,80772.44,80772.44,80772.44,80772.44,0
 GILBERTO NASCIMENTO SILVA,M,65,27,27,29,12,3,09/07/1956,404619.88,42667.83,49626.23,52149.16,48827.83,41954.56,33307.84,45287.25,30344.91,25638.8,28819.14,5996.33,33763.0,1077002.9,110917.37,111198.75,111198.75,111198.75,106097.59,109244.31,100666.68,106570.48,106570.48,103339.74,0
 AMARO ROCHA NASCIMENTO NETO,M,92,0,0,20,7,0,04/12/1976,274104.12,42292.73,23497.16,34426.77,47806.82,44977.07,20179.17,24764.49,7547.57,18792.57,8484.32,1335.45,33763.0,1112084.94,111222.9,111222.9,111222.9,111222.9,111222.9,110933.36,111259.27,111259.27,111259.27,111259.27,0
 Alexis Joseph Steverlynck Fonteyne,M,87,5,0,69,10,0,19/08/1967,176004.2,15079.3,25352.66,23786.49,17575.86,19090.52,15633.19,14939.48,14874.72,14285.99,14835.99,550.0,33763.0,588885.13,61420.54,57990.13,52202.06,51959.82,52576.18,60029.82,67419.11,64529.03,60379.22,60379.22,0
 ALUISIO GUIMARAES MENDES FILHO,M,89,3,1,72,22,0,11/11/1961,317362.69,25340.8,36588.93,41060.22,31580.5,47983.46,29134.59,32169.0,33370.12,18433.71,21701.36,0.0,33763.0,1054299.62,100867.02,99710.02,103375.35,105273.59,107753.29,105155.9,106424.88,107753.29,108904.58,109081.7,0
 ALTINEU CÔRTES FREITAS COUTINHO,M,70,22,22,0,0,0,13/09/1968,186690.17,22950.23,23219.48,33714.07,29471.47,28820.9,22012.04,2946.96,3780.62,1343.75,17254.49,1176.16,33763.0,1085480.54,101858.85,106309.6,106309.6,108949.45,109609.41,109433.7,108595.22,111471.57,111471.57,111471.57,0
 ANDRE DOS SANTOS ABDON,M,90,2,0,5,40,0,10/11/1970,401346.39,39635.39,56554.49,50324.98,62832.08,41453.8,28539.51,28094.2,30183.38,21202.11,38003.15,4523.3,33763.0,1110523.74,111623.17,111623.17,110842.44,110847.15,110559.33,111023.24,110484.74,111194.25,111641.56,110684.69,0
 ANDRÉ CARLOS ALVES DE PAULA FILHO,M,76,16,16,0,0,0,22/07/1961,340822.48,34262.23,35056.09,41491.46,36132.62,46281.81,38561.19,41546.24,23271.3,16356.59,27862.95,0.0,33763.0,1107604.68,109116.87,111004.52,111278.47,111611.12,110204.24,109741.82,111647.49,111424.82,111426.29,110149.04,0
 GIOVANI BATISTA FELTES,M,91,1,0,18,4,0,10/04/1957,296462.55,32091.85,37369.29,35989.03,63623.79,29111.39,20875.74,31955.95,26391.45,8680.69,8989.17,1384.2,33763.0,1095245.29,111083.28,111101.04,111544.86,109378.77,108521.73,109627.69,107747.07,108089.89,109075.48,109075.48,0
 ANDRÉ FERREIRA RODRIGUES,M,71,21,14,2,0,0,10/12/1972,397108.72,45126.24,53733.48,58912.22,30040.51,48678.14,39121.05,35898.03,34422.07,27181.46,18726.94,5268.58,33763.0,1115031.78,111547.27,111623.19,111492.29,110929.67,111623.22,111623.22,111623.22,111323.26,111623.22,111623.22,0
 ANDRÉ PEIXOTO FIGUEIREDO LIMA,M,87,5,5,72,32,9,10/11/1966,392555.8,34462.62,48224.65,72127.49,49023.71,44041.52,37230.57,31041.15,43503.48,11633.85,21266.76,0.0,33763.0,1100603.8,111397.3,109731.85,111580.84,111580.84,106864.96,109042.51,109730.58,109931.92,110707.37,110035.63,0
 ANDRE LUIZ CARVALHO RIBEIRO,M,63,29,29,2,9,1,27/08/1989,293299.0,24003.48,26127.61,39048.96,35638.26,42647.02,37783.22,29531.6,32503.83,19736.89,6278.13,0.0,33763.0,1108487.53,111010.61,111270.57,111617.19,111617.19,111617.19,110019.66,106829.3,111501.94,111501.94,111501.94,0
 ANDRE LUIS GASPAR JANONES,M,87,5,1,50,13,1,05/05/1984,303629.95,22256.52,30867.91,30909.27,30603.82,51016.32,28645.22,24293.97,31050.13,25058.33,26341.83,2586.63,33763.0,1113576.56,111562.47,109429.47,111562.47,111562.47,111562.47,111562.47,111562.47,111562.47,111574.59,111635.21,0
 JOSE AROLDO SOUZA MARTINS,M,82,10,7,11,12,3,03/07/1961,300060.22,31512.26,37662.65,36689.17,28982.93,39208.71,34863.74,19929.95,17257.74,27042.72,26910.35,0.0,33763.0,1108830.41,111647.5,111647.5,110268.42,111611.13,111611.13,110803.16,107763.81,110182.72,111647.52,111647.52,0
 ARTHUR CÉSAR PEREIRA DE LIRA,M,74,18,18,0,0,0,25/06/1969,185141.73,16589.4,24456.7,24580.67,25462.74,25368.31,17145.09,10852.76,12044.58,18813.51,9538.87,289.1,33763.0,1114717.2,111471.72,111471.72,111471.72,111471.72,111471.72,111471.72,111471.72,111471.72,111471.72,111471.72,0
 ANTONIO LUIZ PARANHOS RIBEIRO LEITE DE BRITO,M,92,0,0,9,22,0,17/01/1969,367577.22,38429.43,62878.28,57315.01,50615.34,39459.44,46092.84,38070.01,25431.95,4766.46,4518.46,0.0,33763.0,1112297.24,111574.71,111574.71,111574.71,111574.71,111574.71,111574.71,109488.06,111048.56,111156.18,111156.18,0
 ARTHUR DE OLIVEIRA MAIA DA SILVA,M,76,16,6,28,7,3,17/08/1964,380129.11,37726.35,40284.32,38045.65,42004.01,39008.65,42234.93,39329.37,39706.79,28272.13,26618.3,6898.61,33763.0,1068263.22,104391.37,106164.17,109590.3,109514.2,110873.08,108274.74,108274.74,106502.35,102202.45,102475.82,0
 ÁTILA FREITAS LIRA,M,78,14,11,38,18,2,07/04/1947,375012.29,27368.18,28286.74,49504.22,57242.97,40024.49,40329.03,36082.1,39253.35,26915.69,29943.26,62.26,33763.0,1116233.2,111623.32,111623.32,111623.32,111623.32,111623.32,111623.32,111623.32,111623.32,111623.32,111623.32,0
 AUGUSTO RODRIGUES COUTINHO DE MELO,M,87,5,2,39,23,2,22/10/1962,403903.52,45160.36,50282.74,31848.38,47084.27,51557.8,50070.1,37472.37,25761.4,19113.74,31891.03,13661.33,33763.0,1078338.72,109231.24,110580.87,111483.62,106382.46,107116.23,110687.98,104644.11,107177.08,106702.93,104332.2,0
 LUIZ FELIPE BALEIA TENUTO ROSSI,M,79,13,13,21,22,6,09/06/1972,279480.42,27400.21,27133.21,33713.16,35517.65,26901.38,39593.94,20224.43,23443.38,20430.29,22340.88,2781.89,33763.0,1047898.19,109118.18,109118.18,109118.18,109118.18,109118.18,107972.95,98261.16,98691.06,98691.06,98691.06,0
 AUREO LIDIO MOREIRA RIBEIRO,M,87,5,1,44,1,0,17/02/1979,246132.57,13290.11,19340.29,37320.85,34360.09,77355.81,25856.64,21729.25,2536.72,3653.2,10644.37,45.24,33763.0,1093262.21,109256.7,110855.41,110114.53,105572.72,110342.51,109761.58,109008.81,108623.14,109008.81,110718.0,0
 CELIO ANTONIO DA SILVEIRA,M,88,4,4,31,7,1,19/09/1959,249268.07,18102.06,29238.3,30935.93,27982.39,31959.23,18044.17,17332.28,17806.01,16854.28,40969.73,43.69,33763.0,1113420.47,111671.79,111671.79,111671.79,111671.79,111671.79,110968.96,109631.33,111578.65,111441.29,111441.29,0
 CASSIO COELHO ANDRADE,M,70,22,22,36,40,15,12/09/1981,307608.33,21728.53,32899.83,26323.38,50683.51,58046.3,36031.58,14449.73,9264.77,3863.84,54316.86,0.0,33763.0,1114161.17,111653.55,111594.4,111574.68,111574.68,111574.68,111574.67,110238.62,111444.93,111465.48,111465.48,0
 CARLOS ALBERTO ROLIM ZARATTINI,M,86,6,2,20,20,1,08/06/1959,297688.94,27151.54,32367.11,64118.33,25278.01,55777.06,28292.59,25051.27,14054.68,10433.06,13858.47,1306.82,33763.0,1115444.2,111544.42,111544.42,111544.42,111544.42,111544.42,111544.42,111544.42,111544.42,111544.42,111544.42,0
 CELIO STUDART BARBOSA,M,80,12,3,16,19,3,19/06/1987,334771.25,42405.28,77088.77,34915.78,50390.81,46271.91,22564.85,25601.39,14660.4,4343.55,16378.51,150.0,33763.0,1098247.56,111276.5,111198.61,111550.82,111653.55,111653.55,107237.22,111313.87,108312.84,107025.3,107025.3,0
 CELSO MALDANER,M,82,10,5,22,3,2,30/08/1953,369913.72,24680.2,30121.77,43359.15,32327.41,41007.63,27013.34,28086.87,25892.83,22602.17,51620.99,43201.36,33763.0,1104561.4,111010.67,111140.65,111370.11,108394.27,109190.92,109485.71,110743.36,111470.49,111162.32,110592.9,0
 ANTONIO CEZAR CORREIA FREIRE,M,85,7,0,38,39,0,12/12/1973,325836.31,37003.29,36167.38,38256.8,50290.01,47505.37,20781.53,34316.1,29210.0,16683.05,14273.67,1349.11,33763.0,1112642.54,111383.97,110930.03,111423.09,111423.09,111169.89,111423.09,110326.94,111485.72,111538.36,111538.36,0
 CHARLES FERNANDES SILVEIRA SANTANA,M,90,2,1,35,6,0,15/03/1965,323383.76,24256.26,47976.68,50658.86,46560.45,48292.35,27745.84,27027.0,19586.71,19284.11,10381.44,1614.06,33763.0,1112836.72,111439.65,111389.19,111507.9,111507.88,110522.28,111149.99,111433.52,111507.87,111507.87,110870.57,0
 CHARLLES THOMACELLI EVANGELISTA,M,88,4,4,27,9,5,27/12/1984,272031.91,22449.08,36430.49,47122.47,36668.39,49948.09,24701.1,21331.84,25587.97,1432.93,6359.55,0.0,33763.0,1059386.34,102330.37,102010.39,103658.78,105928.21,106859.77,104041.72,106811.02,110258.36,110258.36,107229.36,0
 FRANCISCO JOSÉ D'ANGELO PINTO,M,83,9,3,31,36,2,11/02/1953,284234.89,31896.36,27273.29,30877.95,43620.43,41207.47,32636.24,30772.24,20679.4,17903.83,6817.68,550.0,33763.0,1113229.62,111574.71,111574.71,110060.41,111423.07,111423.07,111423.07,111423.07,111423.07,111423.07,111481.37,0
 JOÃO FRANCISCO INÁCIO BRAZÃO,M,84,8,0,50,4,0,22/02/1962,291545.15,5628.16,25886.77,61019.13,45809.13,49940.05,27195.38,11919.52,9234.91,18890.85,36021.25,0.0,33763.0,1114045.59,111623.18,110117.12,110943.03,111623.18,111623.18,111623.18,111623.18,111623.18,111623.18,111623.18,0
 CHRISTINO AUREO DA SILVA,M,87,5,5,22,14,7,26/04/1962,364350.26,35707.47,43836.64,42917.16,48167.17,53926.39,32622.07,26143.21,21788.64,18368.8,40258.88,613.83,33763.0,1111010.04,111412.57,111647.36,107066.29,111310.13,111604.92,111604.92,111604.92,111604.92,111585.5,111568.51,0
 CLEBER VERDE CORDEIRO MENDES,M,91,1,1,15,19,0,10/05/1972,300663.96,14582.42,18944.35,47074.36,45118.81,99276.9,13222.16,16834.74,8782.05,4751.79,32076.38,0.0,33763.0,1091392.63,110588.35,105407.76,109632.33,97860.55,111342.09,111580.81,111580.81,111580.81,111580.81,110238.31,0
 JOÃO CHRISÓSTOMO DE MOURA,M,89,3,0,68,35,0,23/06/1959,368241.44,43569.56,50409.86,41654.5,41798.47,49488.53,35493.95,36213.06,25552.93,16022.94,27543.32,494.32,33763.0,1064563.22,107323.44,106208.72,102467.86,107196.5,98159.34,108000.77,107946.98,108363.78,109587.98,109307.85,0
 LUIS ANTONIO FRANCISCATTO COVATTI,M,89,3,0,33,13,1,25/07/1987,354596.62,39901.49,64904.76,45888.49,45547.51,61494.69,34354.07,35673.58,7646.43,612.0,17873.82,699.78,33763.0,1087781.16,110922.09,111617.12,107422.09,109771.87,110840.89,108844.64,97398.86,110212.41,110288.12,110463.07,0
 MARCIO TADEU ANHAIA DE LEMOS,M,88,4,0,61,14,0,30/09/1965,332916.64,37359.64,45903.08,33260.17,32063.81,48565.66,27237.62,25482.15,17392.78,17775.38,28430.4,19445.95,33763.0,1088567.27,111127.47,109317.63,107351.0,101360.55,110345.01,108448.48,106340.0,111358.01,111459.56,111459.56,0
 CRISTIANO DUTRA VALE,M,80,12,12,25,8,5,10/04/1970,339850.13,20452.98,49639.93,30338.48,43108.68,49829.99,38126.87,26721.78,30470.89,32141.42,18563.85,455.26,33763.0,1053658.38,110040.22,103847.89,110040.22,105919.51,103859.15,98892.22,97650.62,104977.0,107755.43,110676.12,0
 JOSIAS MARIO DA VITORIA,M,89,3,0,0,0,0,02/06/1971,344528.51,39721.75,61373.19,36361.78,48373.97,37143.23,27515.03,30632.01,27567.15,23415.71,10098.49,2326.2,33763.0,1103849.8,109916.03,109232.89,110340.24,110968.15,110968.15,110968.15,111559.84,110395.01,111192.57,108308.77,0
 DAGOBERTO NOGUEIRA FILHO,M,80,12,12,4,0,0,21/07/1955,392765.26,33968.57,43913.03,47315.35,46082.3,39158.72,43879.61,41129.03,39057.91,33635.67,24585.9,39.17,33763.0,1111346.73,111166.05,111277.6,111277.6,111277.6,111277.6,111277.6,110863.55,110859.05,110859.05,111211.03,0
 LUIZ ARMANDO SCHROEDER REIS,M,84,8,4,40,1,0,23/06/1957,243119.72,12148.5,26826.54,33216.85,48925.26,49749.39,25127.17,20027.71,10975.22,4534.03,9709.47,1879.58,33763.0,1092037.31,101236.1,103071.39,111201.67,110216.08,110773.16,111095.62,111269.37,111508.09,111508.09,110157.74,0
 DAMIÃO FELICIANO DA SILVA,M,81,11,10,29,31,7,28/04/1952,299356.24,33696.89,30513.3,45137.92,53251.62,39985.25,21830.0,19723.61,12971.79,10939.09,30722.02,584.75,33763.0,1061513.65,111054.03,106603.56,94753.6,91868.67,107855.77,111429.12,111429.12,109759.06,107977.67,108783.05,0
 LUIZ BENES LEOCADIO DE ARAUJO,M,88,4,3,35,8,2,22/04/1966,352784.66,32697.33,37181.8,51640.86,47232.83,43851.34,39594.2,33482.93,21709.18,17997.68,27006.51,390.0,33763.0,1070001.74,110203.77,110203.77,106658.99,104203.11,106527.95,105841.47,105921.33,105964.18,107249.74,107227.43,0
 JOSÉ ROBERTO OLIVEIRA FARO,M,82,10,0,5,17,0,20/06/1969,348358.45,50640.64,51528.8,53130.42,38245.47,56264.93,15343.49,16815.59,14152.72,12879.36,11197.03,28160.0,33763.0,1107132.6,111210.84,110666.21,109899.05,111210.84,111210.84,110568.67,110434.02,111210.84,111210.84,109510.45,0
 HUMBERTO REZENDE PEREIRA,M,87,5,2,29,45,3,14/11/1977,317620.57,31302.38,37733.45,46071.17,46424.41,43050.57,37786.28,29839.31,16128.37,5877.55,23407.08,0.0,33763.0,1114088.41,111514.04,111586.8,110868.87,111514.0,111457.65,111586.78,110672.43,111629.28,111629.28,111629.28,0
 CARLOS ALBERTO DE SOUSA ROSADO SEGUNDO,M,77,15,13,18,16,9,01/02/1982,417583.23,38508.13,49871.28,49026.92,51520.3,44584.4,32245.6,35040.79,36239.48,26275.26,54271.07,0.0,33763.0,1114457.24,111436.53,111580.74,111495.03,111145.61,111498.95,111507.99,111507.99,111485.68,111392.71,111406.01,0
 UBIRAJARA DO PINDARÉ ALMEIDA SOUSA,M,82,10,10,21,36,10,01/11/1968,395081.21,20679.85,23825.08,34402.73,76284.21,96746.0,27251.8,28044.88,18372.93,31746.67,37651.58,75.48,33763.0,1115746.5,111574.65,111574.65,111574.65,111574.65,111574.65,111574.65,111574.65,111574.65,111574.65,111574.65,0
 ALCIBIO MESQUITA BIBO NUNES,M,90,2,2,33,23,2,09/01/1957,442619.0,36377.5,114136.35,111815.04,46216.96,43243.88,31393.94,31363.41,21004.27,5421.62,1646.03,0.0,33763.0,978080.61,107838.27,106661.35,107626.01,107100.08,108678.71,110863.76,102938.79,80792.43,71989.13,73592.08,0
 OLAVO BILAC PINTO NETO,M,80,12,5,54,10,3,08/06/1963,366957.28,38107.55,39391.23,36766.95,36370.18,36320.33,35989.93,35978.06,36058.35,36004.29,35970.41,0.0,33763.0,1114014.41,111532.26,111532.26,111532.26,111532.26,111532.26,110224.07,111532.26,111532.26,111532.26,111532.26,0
 ELVINO JOSÉ BOHN GASS,M,90,2,2,24,15,0,05/02/1962,362192.59,30693.35,43896.78,51772.61,63215.02,45029.72,40093.42,35113.72,22679.14,13260.28,15328.65,1109.9,33763.0,1113456.25,111641.36,111557.99,111508.13,111641.38,111641.38,110811.4,111604.98,111604.98,111604.98,109839.67,0
 JOÃO BOSCO GOMES SARAIVA,M,71,21,3,16,10,1,10/10/1959,442571.13,36572.34,70842.66,44263.27,65965.82,34723.62,32000.51,62345.58,33068.34,15213.66,45530.25,2045.08,33763.0,1112738.23,111611.12,111611.12,109394.55,111611.12,111611.12,111393.56,111146.01,111574.73,111574.73,111210.17,0
 JOÃO BOSCO DA COSTA,M,88,4,2,37,9,0,28/09/1950,381415.21,31663.79,50001.03,50347.54,42678.14,42852.09,50270.89,42871.55,39751.16,27086.09,3892.93,0.0,33763.0,1096871.16,109107.22,111544.51,111544.51,111544.51,111544.51,111544.51,111544.51,106200.33,104641.61,107654.94,0
 NICOLINO BOZZELLA JUNIOR,M,83,9,8,42,14,5,17/08/1980,331580.49,31567.57,39636.09,43735.1,36718.08,40304.87,30143.9,40029.84,26482.22,25062.37,16682.72,1217.73,33763.0,1108661.55,111623.09,111642.57,107512.59,110707.93,111134.28,111357.59,110509.9,111392.57,111392.57,111388.46,0
 CARLOS FELIPE VAZQUEZ DE SOUZA LEÃO,M,71,21,5,12,17,3,03/11/1979,370012.26,30097.59,41252.22,49713.11,49721.69,45749.21,41212.41,38074.0,37034.37,15768.01,21168.63,221.02,33763.0,1084232.34,107850.28,108483.94,109030.38,109215.09,109215.09,107121.98,105670.31,109215.09,109215.09,109215.09,0
 CARLOS CAMILO GÓES CAPIBERIBE,M,89,3,3,67,25,5,23/05/1972,340932.11,57270.81,54545.96,40139.58,50674.76,29912.43,32899.67,36174.05,9998.8,8076.55,21239.5,0.0,33763.0,1098429.16,111508.06,111508.06,111508.06,111508.06,110034.25,109670.3,105908.91,110137.58,107941.38,108704.5,0
 ALBERTO BARROS CAVALCANTE NETO,M,88,4,2,66,4,1,05/05/1982,268303.1,10761.97,32144.12,50784.42,59974.73,36167.69,18635.29,18846.91,9376.93,3645.06,27765.98,200.0,33763.0,1108460.75,111524.06,108183.95,109814.87,109505.49,111520.15,111370.71,111635.38,111635.38,111635.38,111635.38,0
 FABIO ABREU COSTA,M,90,2,1,56,9,0,31/12/1972,415287.33,27176.43,43044.36,37886.06,54828.28,65451.97,38676.13,33219.21,38283.53,44917.64,30801.48,1002.24,33763.0,1112307.7,111501.54,111425.25,109950.47,110995.45,111125.87,111505.0,111580.82,111580.83,111580.83,111061.64,0
 GUILHERME MURARO DERRITE,M,90,2,0,21,0,0,10/10/1984,318929.77,33369.05,48294.13,42375.69,37535.61,31336.58,34084.37,31084.94,27610.7,13353.72,19884.98,0.0,33763.0,1087142.69,111429.18,111429.18,111078.93,111198.68,111198.68,111198.68,104902.34,104902.34,104902.34,104902.34,0
 ANTONIO CARLOS GOMES DA SILVA,M,92,0,0,21,6,2,13/06/1972,273109.72,18748.87,25578.63,34691.71,31224.22,55517.35,34811.05,23121.54,21226.21,9739.25,16929.54,1521.35,33763.0,1012698.46,92948.89,99271.45,96032.28,98637.08,102490.61,102621.52,102621.52,104715.99,106679.56,106679.56,0
 JOSE AUGUSTO ROSA,M,85,7,3,29,41,2,04/10/1966,303764.68,32590.99,32708.93,42982.94,38181.18,46093.18,19473.47,21678.43,15614.72,14321.17,37541.05,2578.62,33763.0,1109989.13,111659.59,110586.8,107796.83,111659.59,111659.59,111659.59,110759.7,110888.26,111659.59,111659.59,0
 CARLOS HENRIQUE AMORIM,M,79,13,1,33,25,1,21/04/1961,379726.43,38480.4,54727.25,51686.19,49827.56,38169.71,34594.12,36583.75,31857.0,13993.12,27863.38,1943.95,33763.0,1014767.71,107089.41,100838.78,96663.69,98112.79,100925.82,94627.79,96910.28,103302.09,107870.51,108426.55,0
 Carlos Roberto Coelho de Mattos Júnior,M,84,8,3,10,0,0,08/02/1982,200049.25,17012.14,21954.01,27544.0,16413.28,29052.38,31940.35,20649.2,10845.1,8771.04,14632.54,1235.21,33763.0,1079427.92,107840.49,111522.26,105827.62,98809.78,110447.03,111102.14,104135.41,108845.03,110375.04,110523.12,0
 CARLOS HENRIQUE FOCESI SAMPAIO,M,87,5,1,14,5,0,31/03/1963,317099.5,25615.74,56684.49,51456.2,45438.4,42806.53,22600.9,21181.85,14951.58,15364.01,20999.8,0.0,33763.0,1059385.24,103852.96,107767.17,108820.89,108820.89,108689.99,104762.85,103243.66,104762.85,104762.85,103901.13,0
 DANIEL GOMES DE ALMEIDA,M,90,2,2,38,37,0,21/01/1955,356199.86,58756.35,47548.42,45375.86,51389.18,32596.32,29676.29,18598.64,16188.74,14756.9,40472.41,840.75,33763.0,1116596.1,111659.61,111659.61,111659.61,111659.61,111659.61,111659.61,111659.61,111659.61,111659.61,111659.61,0
 DANIEL LUCIO DA SILVEIRA,M,89,3,1,87,59,1,25/11/1982,307400.84,35637.58,37560.86,37098.84,37913.96,39709.62,33297.09,28745.65,27784.42,13563.62,14939.77,1149.43,33763.0,1050905.67,104730.18,106558.15,108774.14,109706.94,105193.39,103433.49,86143.8,107120.36,107862.35,111382.87,0
 DANILO JORGE DE BARROS CABRAL,M,83,9,3,8,28,6,21/04/1967,287464.54,23243.32,23195.87,25003.47,45722.17,49445.71,26152.01,32469.21,12877.47,8866.71,39648.42,840.18,33763.0,1005945.69,95045.26,95045.26,94090.38,98095.56,99861.52,99861.52,100443.65,100923.05,111114.04,111465.45,0
 DANIEL COSTA DE FREITAS,M,77,15,0,3,0,0,03/04/1982,305465.83,38606.89,24248.4,43103.43,47999.13,45138.9,30847.1,32894.95,25917.35,4096.46,12109.81,503.41,33763.0,1099503.46,105697.03,105697.03,109243.35,110816.55,110933.95,111423.11,111423.11,111423.11,111423.11,111423.11,0
 DANIEL TRZECIAK DUARTE,M,86,6,6,31,14,8,04/11/1986,214073.24,9307.83,15955.97,16366.04,39352.32,18241.57,20817.46,28100.3,16051.09,16840.25,32070.78,969.63,33763.0,1044495.31,105455.53,105415.99,105436.13,105982.05,108226.36,109497.39,106036.48,94998.83,99412.79,104033.76,0
 DANIEL PIRES COELHO,M,91,1,0,6,0,0,04/11/1978,360896.58,56899.01,47545.19,51524.56,44454.63,36128.3,30323.85,32107.75,22965.49,20599.99,18151.21,196.6,33763.0,1114987.92,111319.0,111580.81,111580.81,111580.81,111332.51,111580.82,111559.7,111471.69,111474.71,111507.06,0
 FRANCISCO DANILO BASTOS FORTE,M,86,6,3,42,23,2,01/09/1958,399293.34,67906.91,48807.99,40578.79,52959.1,80716.86,57550.28,22707.17,9622.62,6546.36,11778.36,118.9,33763.0,1052260.59,109573.04,105109.88,101753.78,107930.59,108735.93,108600.66,101671.79,104239.59,101843.93,102801.4,0
 DAVID MICHAEL DOS SANTOS MIRANDA,M,66,26,15,23,11,4,10/05/1985,242667.95,35259.28,43349.65,32853.62,45091.15,29890.05,33147.86,10128.77,8151.54,-817.25,5613.28,0.0,33763.0,937841.64,111544.37,111544.37,56799.55,64345.04,100004.66,94914.31,97663.21,102324.88,100368.27,98332.98,0
 EDER MAURO CARDOSO BARRA,M,79,13,3,4,12,0,14/12/1960,325195.22,46351.28,56697.2,17871.34,52514.33,52104.65,51446.49,39019.7,6514.58,2675.65,0.0,0.0,33763.0,1101131.44,111587.65,111029.67,109774.54,111611.12,111611.12,111168.32,110779.91,107856.37,107856.37,107856.37,0
 DARCI DE MATOS,M,80,12,2,55,12,3,08/11/1961,269534.87,27456.09,37612.31,41962.71,38942.67,42279.75,18366.03,26329.15,14161.38,1290.05,20268.72,866.01,33763.0,1112429.82,111593.97,111623.31,111579.26,111659.67,111659.67,110174.35,110543.76,111508.04,111508.04,110579.75,0
 ANTÔNIO DA LUZ FURTADO,M,90,2,1,73,25,6,06/01/1972,288816.41,34263.89,43088.49,42959.2,32920.98,47359.21,16303.12,19852.22,12243.23,8092.66,27244.72,4488.69,33763.0,1115182.54,110967.56,111125.87,111617.2,111617.2,111617.2,111623.07,111653.61,111653.61,111653.61,111653.61,0
 MARCELO EDUARDO FREITAS,M,80,12,6,66,2,1,04/03/1976,290526.28,31421.05,43796.1,37148.52,24745.4,39348.34,29355.58,26303.93,19417.0,19550.28,18633.84,806.24,33763.0,1067668.96,104088.18,105813.1,103290.21,102664.07,110724.59,111483.8,111483.8,107272.97,107289.51,103558.73,0
 DOMINGOS GOMES DE AGUIAR NETO,M,79,13,6,30,31,6,29/04/1988,346157.45,33731.48,52313.1,36169.17,53317.93,77719.59,22751.47,19502.64,3346.59,2837.01,44468.47,0.0,33763.0,1105842.15,111544.43,111544.43,110497.19,107599.23,111235.68,111617.24,111617.24,111617.24,111617.24,106952.23,0
 DIMAS FABIANO TOLEDO JÚNIOR,M,86,6,5,18,4,3,23/05/1973,283523.77,30575.4,29897.78,36489.01,37782.58,34645.39,23877.46,33775.98,26291.36,16347.48,12634.33,1207.0,33763.0,965287.1,92717.74,90647.71,88844.0,89894.36,93796.44,94254.41,100197.24,96972.36,108044.05,109918.79,0
 DENIS ANDERSON DA ROCHA BEZERRA,M,88,4,1,70,10,1,17/03/1980,400260.91,46094.78,53674.69,52475.51,52185.85,40861.85,33475.4,24901.37,18145.39,17544.23,44329.57,16572.27,33763.0,1078559.49,110743.73,108800.92,108144.99,106767.55,106327.19,107307.01,102136.31,107474.82,111617.19,109239.78,0
 PABLO OLIVA SOUZA,M,78,14,0,112,30,0,26/07/1976,369191.63,28267.0,51491.99,65512.79,64732.08,41341.87,31189.75,32398.76,26832.2,17440.0,7823.37,2161.82,33763.0,977905.08,99985.47,73344.51,92308.59,99950.28,106315.17,106987.85,101323.39,101342.41,107310.62,89036.79,0
 WALDIR SOARES DE OLIVEIRA,M,86,6,6,7,49,5,28/11/1962,149309.65,14119.59,16610.96,17642.5,17254.73,17514.69,15282.52,15088.53,12955.79,10015.33,11921.51,903.5,33763.0,987728.92,101978.63,99618.58,96319.6,92534.14,92534.14,94998.88,101543.63,103436.75,102749.57,102015.0,0
 DIEGO LEONARDO DE ANDRADE CARVALHO,M,70,22,22,7,20,11,08/08/1977,217838.28,28386.47,32013.45,32859.73,17554.55,41393.91,15224.17,22079.82,8663.35,11458.92,8203.91,0.0,33763.0,1109625.13,111580.82,111580.82,111580.82,111580.82,111580.82,111535.53,111241.15,110635.35,109154.5,109154.5,0
 DIEGO ALEXSANDER GONCALO PAULA GARCIA,M,89,3,3,134,46,3,10/10/1984,263861.19,9153.29,13917.88,34960.78,39069.9,47847.45,36301.69,32663.59,20367.53,6819.55,16986.39,5773.14,33763.0,916158.19,93054.98,91310.31,97522.54,98459.58,96593.67,96173.37,99859.25,84300.62,79772.64,79111.23,0
 LUIZ ANTONIO DE SOUZA TEIXEIRA JÚNIOR,M,67,25,0,14,22,0,15/12/1973,266546.32,27501.17,33784.37,41465.77,43233.68,38833.58,24163.31,23117.56,18685.19,10202.91,5508.98,49.8,33763.0,1074387.81,97653.62,97653.62,108819.42,110434.31,110434.31,110434.31,110434.31,110413.15,111647.44,106463.32,0
 DOMINGOS SÁVIO CAMPOS RESENDE,M,87,5,3,29,7,1,25/03/1957,311182.97,24341.19,52616.35,44927.02,32735.37,48074.76,26928.66,27300.43,24815.98,18843.4,9599.0,1000.81,33763.0,1108990.28,109833.82,109833.82,111183.95,111653.56,110747.01,110990.37,111313.88,110806.11,111313.88,111313.88,0
 BENEDITA SOUZA DA SILVA SAMPAIO,F,45,47,47,22,33,18,26/04/1942,278916.75,27548.63,36708.62,32332.8,38159.47,42904.22,28769.87,17965.43,15365.95,9555.15,28558.54,1048.07,33763.0,1114575.79,111495.9,111448.24,111228.98,111228.98,111228.98,111354.55,111647.54,111647.54,111647.54,111647.54,0
 ALESSANDRA SILVA RIBEIRO,F,82,10,6,54,20,10,04/07/1974,262368.78,21847.22,26068.76,60514.25,38257.92,39369.73,21249.25,15093.79,19228.94,15225.62,5513.3,0.0,33763.0,757373.84,73391.76,71163.83,70424.23,71271.43,75507.41,78795.1,74373.3,79377.41,79377.41,83691.96,0
 ÁUREA CAROLINA DE FREITAS E SILVA,F,75,17,17,22,10,5,20/11/1983,302788.06,15477.79,17211.99,36192.89,50919.99,47628.8,36660.42,25545.07,22852.05,27143.68,23155.38,0.0,33763.0,1106538.1,110482.87,110320.03,111502.08,111502.08,111502.08,111499.25,111417.08,111417.08,111417.08,105478.47,0
 ALINE PARANHOS VARONIL GURGEL,F,78,14,11,16,34,7,25/11/1980,425828.0,42916.79,55902.66,41953.93,40253.23,74755.05,10460.16,40552.36,44238.07,50064.19,24731.56,0.0,33763.0,1109475.15,111429.18,111160.99,111429.2,111429.2,111429.2,111429.2,111429.2,111429.2,109688.29,108621.49,0
 ALICE MAZZUCO PORTUGAL,F,91,1,0,70,28,0,16/05/1959,380746.29,64843.86,35974.1,45630.28,30967.04,44643.22,33926.95,26133.78,37427.88,27482.05,33668.9,48.23,33763.0,1103738.12,109364.13,110762.68,110837.35,110137.04,110137.04,110137.04,110137.04,110131.96,111046.92,111046.92,0
 ALINE SLEUTJES,F,81,11,11,25,12,7,26/07/1979,271444.38,18718.1,42340.7,49189.3,28504.61,62024.69,25909.67,20829.47,10742.51,4466.72,8102.19,616.42,33763.0,1047581.56,108562.89,107823.39,108054.31,102862.93,104407.0,105903.3,107141.12,104241.48,105514.93,93070.21,0
 HILKEA CARLA DE SOUZA MEDEIROS LIMA,F,91,1,0,62,5,0,02/07/1976,321096.04,24586.19,44761.07,52267.87,31382.92,38231.83,32701.13,15878.04,19847.11,20700.3,40204.82,534.76,33763.0,1112342.45,111271.39,111271.39,111271.39,111271.39,111271.39,110132.42,111538.26,111238.3,111538.26,111538.26,0
 CAROLINE RODRIGUES DE TONI,F,91,1,0,45,12,1,01/09/1986,108667.23,1577.63,10066.51,14101.09,11285.98,24174.38,15473.46,14468.42,7103.83,3096.89,5223.46,2095.58,33763.0,910528.01,84266.39,86627.52,88148.33,92593.08,96367.63,96367.63,93146.11,92800.95,92800.95,87409.42,0
 CHRISTINE NOGUEIRA DOS REIS TONIETTO,F,88,4,2,59,10,4,14/05/1991,133178.31,11369.6,10173.11,9970.3,13872.46,12050.51,19466.91,25628.43,11169.95,3255.31,15855.62,366.11,33763.0,789351.13,69040.75,69101.84,69101.84,71632.9,76266.55,85504.27,88597.5,88597.5,88597.5,82910.48,0
 CHRISTIANE DE SOUZA YARED,F,83,9,9,27,11,6,23/02/1960,330395.35,23957.3,44324.43,35762.57,54189.41,41149.82,32246.76,23122.06,18987.0,15446.67,40295.66,913.67,33763.0,1091077.27,108772.44,108772.44,108772.44,108772.44,108366.22,104176.55,111586.94,111586.94,111586.94,108683.92,0
 CLARISSA BARROS ASSED MATHEUS DE OLIVEIRA,F,86,6,0,37,14,0,02/07/1982,297350.01,7971.69,16907.3,54747.61,49861.8,57969.92,53352.84,20869.99,15804.77,9631.78,10118.65,113.66,33763.0,1112908.07,110918.38,110319.03,110945.19,111532.21,111532.21,111532.21,111532.21,111532.21,111532.21,111532.21,0
 DANIELA MOTE DE SOUZA CARNEIRO,F,80,12,10,42,18,9,10/02/1976,309318.38,35968.58,36604.61,48540.64,61049.56,50236.04,27308.97,20808.56,13155.35,11253.04,4366.75,26.28,33763.0,1097670.85,111004.43,110578.75,110970.4,111234.95,111234.95,111234.95,111234.95,110155.05,109870.15,100152.27,0
 SORAYA DE SOUZA MANNATO,F,92,0,0,111,64,0,10/03/1961,289649.17,31353.75,37397.79,57239.48,36607.77,43635.09,15176.75,23098.74,18128.98,8706.64,18304.18,0.0,33763.0,1100822.25,111501.77,111501.77,110559.03,110173.36,110920.06,110221.1,107709.88,107907.12,109518.27,110809.89,0
 DULCE FERREIRA PAGANI MIRANDA,F,84,8,8,78,19,11,15/12/1963,385152.2,17405.28,54422.42,66007.2,43629.27,48597.93,16964.63,42936.18,44081.35,12900.31,38029.26,178.37,33763.0,1102626.13,111515.73,108469.11,109947.21,108778.45,110497.62,110780.17,110780.17,110780.17,110297.33,110780.17,0
 ELCIONE THEREZINHA ZAHLUTH BARBALHO,F,74,18,8,11,18,3,05/10/1944,324749.25,18282.77,21903.47,42172.9,54698.46,50424.42,44680.57,25428.51,30182.96,15955.03,18147.74,2872.42,33763.0,1090868.22,109942.97,108266.63,106606.75,106963.42,110173.43,110012.89,110173.43,111342.81,111617.17,105768.72,0
 VANDA DENIR MILANI NOGUEIRA,F,72,20,13,31,33,11,17/09/1953,395931.24,45066.55,49027.62,29462.19,36127.46,71009.98,22618.07,41106.51,44816.37,25900.0,30796.49,0.0,33763.0,1103843.63,109028.91,110980.61,111507.9,109468.16,111544.28,110383.9,111280.73,111580.69,111580.69,106487.76,0
 ÉRIKA JUCÁ KOKAY,F,90,2,1,132,17,1,15/08/1957,220065.03,21175.36,26961.36,57030.55,8623.76,69810.79,1267.02,375.92,393.19,354.58,33212.46,860.04,33763.0,1104968.28,106905.18,108909.18,111417.57,111495.83,111623.02,111495.84,110449.2,109666.7,111532.23,111473.53,0
 FERNANDA MELCHIONNA E SILVA,F,88,4,1,54,9,0,02/02/1984,305160.05,20500.17,21194.89,56736.14,41442.21,70363.57,28035.03,34736.5,7126.13,2302.5,17867.64,4855.27,33763.0,1089686.56,108969.03,110770.2,111295.57,111471.67,111471.67,111005.21,108790.95,108173.01,107268.84,100470.41,0
 Geovânia de Sá,F,91,1,1,15,0,0,30/03/1972,308059.34,24548.31,31895.95,46155.4,48301.66,38575.18,41038.25,24556.46,10926.74,3937.68,25683.39,12440.32,33763.0,1099857.22,111111.81,111610.95,111659.69,111659.69,110768.99,110692.78,103468.98,111168.24,111168.24,106547.85,0
 GLEISI HELENA HOFFMANN,F,66,26,26,3,5,1,06/09/1965,373767.14,48759.04,47652.4,59416.08,55375.62,43129.42,20852.42,26211.68,23293.93,17899.82,29734.54,1442.19,33763.0,1115264.2,111526.42,111526.42,111526.42,111526.42,111526.42,111526.42,111526.42,111526.42,111526.42,111526.42,0
 FLÁVIA CARREIRO ALBUQUERQUE MORAIS,F,86,6,6,123,4,4,26/04/1969,296315.47,31961.04,33702.59,35431.93,33636.11,33829.17,29972.17,26739.93,26234.48,22945.49,21783.99,78.57,33763.0,1110232.7,110555.68,110555.68,110555.68,110555.68,111091.22,110994.42,111182.0,111580.78,111580.78,111580.78,0
 JANDIRA FEGHALI,F,91,1,0,41,28,0,17/05/1957,304962.13,16677.6,41606.05,42043.96,41561.42,33766.08,35266.15,30544.63,18967.72,23146.67,20529.15,852.7,33763.0,1091025.08,111186.43,110346.75,110883.15,110883.15,110883.15,110883.15,106843.71,109640.24,105683.13,103792.22,0
 DIRLAINE JAQUELINE CASSOL,F,81,11,8,47,23,8,03/12/1974,301704.59,38881.19,35836.11,33841.17,57249.08,71115.17,20997.72,21444.7,11534.22,2240.92,7424.0,1140.31,33763.0,1101655.82,111665.59,111362.29,107986.55,110884.32,111208.12,110180.25,108177.15,110472.02,111321.85,108397.68,0
 JOICE CRISTINA HASSELMANN,F,87,5,5,57,6,3,29/01/1978,301731.55,25636.1,21173.13,72944.98,50332.77,44859.38,25702.26,16939.86,18265.67,20711.16,5166.24,0.0,33763.0,1031958.41,99430.88,106641.61,98487.95,101062.57,108786.73,110597.86,108539.98,102509.19,97950.82,97950.82,0
 JESSICA ROJAS SALES,F,42,50,45,0,18,16,28/11/1980,372946.86,36557.22,42553.73,47072.55,56770.07,58428.19,3133.62,11486.12,8024.13,2921.23,106000.0,0.0,33763.0,1115845.95,111568.56,111568.56,111568.56,111568.56,111568.56,111568.56,111568.56,111571.11,111647.46,111647.46,0
 LAURIETE RODRIGUES DE JESUS,F,89,3,3,48,4,2,23/02/1970,275072.63,28596.39,36787.02,28706.65,38112.66,49288.05,30104.05,18543.11,15764.41,15009.24,7961.74,6199.31,33763.0,1078709.33,104287.85,105889.29,107644.06,107644.06,107976.91,100506.22,110346.11,111471.61,111471.61,111471.61,0
 LUIZA ERUNDINA DE SOUSA,F,78,14,14,37,23,9,30/11/1934,222485.05,17316.28,17369.22,13312.38,23549.05,49196.58,41316.33,41450.36,18601.72,126.15,0.0,246.98,33763.0,984473.08,106370.19,98801.78,96737.67,96737.67,96737.67,96737.67,96737.67,96737.67,96737.67,102137.42,0
 LÍDICE DA MATA E SOUZA,F,89,3,3,56,4,4,12/03/1956,314013.21,24968.53,36055.08,41685.69,36945.93,64741.89,25591.94,29647.64,17038.04,9156.67,25337.58,2844.22,33763.0,1097526.02,105717.75,109880.24,107918.25,107472.66,111089.52,111089.52,111089.52,111089.52,111089.52,111089.52,0
 LEDA MARIA SADALA BRITO,F,72,20,18,24,23,8,11/06/1966,359497.14,32892.4,30026.99,55796.31,53049.21,51266.85,41748.71,31911.86,37292.55,15145.93,10021.33,345.0,33763.0,1101943.16,111429.13,111306.3,109662.6,107931.96,110017.93,110446.45,110633.94,109994.1,111659.63,108861.12,0
 LUIZIANNE DE OLIVEIRA LINS,F,82,10,7,5,16,6,18/11/1968,394965.38,43009.21,49188.28,62832.39,40398.85,50556.05,27655.84,25583.94,56182.22,8648.41,30543.49,366.7,33763.0,1116014.42,111647.55,111647.55,111647.55,111647.55,111647.55,111647.55,111532.28,111532.28,111532.28,111532.28,0
 LUISA CANZIANI DOS SANTOS SILVEIRA,F,82,10,0,18,48,0,11/04/1996,294512.99,27680.49,45240.66,38296.02,34716.65,40742.27,35801.06,23760.78,18969.09,8973.68,13325.09,7007.2,33763.0,1065687.38,111489.76,107944.29,101185.89,106123.31,110764.8,108871.95,100476.78,99154.41,109664.15,110012.04,0
 MAGDA MOFATTO HON,F,77,15,3,28,42,6,26/10/1948,248362.06,41429.43,31068.63,47136.54,47632.39,46414.73,19428.88,6001.17,8505.69,395.33,349.27,0.0,33763.0,1079760.32,103642.03,111061.35,110458.33,109242.74,110160.73,111392.46,111429.23,111429.23,100201.81,100742.41,0
 FABIANA SILVA DE SOUZA,F,76,16,11,22,4,4,09/01/1980,253074.32,19669.14,45316.31,58832.43,30152.26,32781.41,27385.49,25479.97,6199.02,5005.38,1966.38,286.53,33763.0,1113455.24,111544.24,111438.52,111398.27,111315.37,111119.65,111039.6,111350.2,111350.2,111554.84,111344.35,0
 CYLMARA FERNANDES DA ROCHA GRIPP,F,77,15,14,30,22,6,04/09/1973,431336.2,56886.05,57867.3,54199.26,62724.01,46657.4,33841.62,21007.85,23443.28,30345.94,44363.49,0.0,33763.0,1108625.39,110779.96,110779.96,110779.96,110779.96,110779.96,109894.35,110779.96,110983.86,111574.61,111492.81,0
 MARIA DO ROSÁRIO NUNES,F,77,15,6,48,34,12,22/11/1966,390396.84,45949.2,43740.41,69986.28,49177.17,42746.98,41192.91,36138.61,26246.21,12312.33,20719.64,2187.1,33763.0,1090821.34,108772.35,108772.35,108876.06,111047.03,106150.54,107898.86,108449.48,109367.19,110743.74,110743.74,0
 MARÍLIA VALENÇA ROCHA ARRAES DE ALENCAR,F,64,28,21,3,10,5,12/04/1984,287696.14,13902.07,25170.41,93784.61,29683.86,54406.01,14216.62,21165.2,14176.43,9508.71,10398.31,1283.91,33763.0,1069269.96,108653.71,111429.12,111429.12,109087.1,107972.58,111617.16,110853.68,111354.04,98888.69,87984.76,0
 MARINA SANTOS BATISTA DIAS,F,90,2,2,6,13,1,13/09/1980,357545.02,23811.47,41587.12,38764.57,41760.61,35827.39,43099.71,38934.07,25951.64,26865.0,39929.24,1014.2,33763.0,1114463.33,111495.88,111495.88,111311.17,111495.87,111185.14,111495.87,111495.88,111495.88,111495.88,111495.88,0
 KATIA DA SILVA SASTRE,F,91,1,0,38,19,0,04/04/1976,373876.63,34893.09,34694.24,64166.28,35385.2,36339.7,38923.8,34961.86,43018.05,29335.74,22064.62,94.05,33763.0,1056090.36,107322.54,104138.84,105140.2,105895.02,105351.11,96070.39,98655.82,111265.29,111265.29,110985.86,0
 DAYANE JAMILLE CARNEIRO DOS SANTOS PIMENTEL,F,67,25,17,24,29,13,30/01/1986,221802.92,24757.35,14536.29,33354.13,32630.75,38636.18,25835.19,21096.42,20196.27,4322.45,6205.76,232.13,33763.0,1091268.51,103819.39,108270.5,109719.5,110069.34,110134.52,109472.23,110404.13,110404.13,110398.05,108576.72,0
 MARCIVANIA DO SOCORRO DA ROCHA FLEXA,F,91,1,0,34,7,0,21/06/1973,372925.42,73518.31,24414.79,47486.37,49562.35,28947.17,39390.78,27825.99,17943.62,7350.58,50485.46,6000.0,33763.0,1113310.62,111465.49,111400.5,110738.38,111378.13,111439.63,111111.26,111351.62,111476.44,111465.5,111483.67,0
 REJANE RIBEIRO SOUSA DIAS,F,90,2,0,65,33,0,04/09/1972,241957.13,16913.54,23065.31,34072.61,41316.06,35393.2,27658.11,30276.4,10634.6,10120.33,11597.34,909.63,33763.0,1022389.38,94123.29,94123.29,94123.29,96640.01,103386.0,97900.48,110730.33,111077.25,111077.25,109208.19,0
 ROSANA DE OLIVEIRA VALLE,F,87,5,3,44,4,2,08/05/1969,338573.46,21183.33,29131.46,53484.17,52840.25,41134.85,34551.95,41195.46,30834.9,20867.06,13125.31,224.72,33763.0,1050130.62,107098.26,107098.26,107098.26,107098.26,100284.96,91133.79,106579.32,107632.04,109901.08,106206.39,0
 SORAYA ALENCAR DOS SANTOS,F,90,2,2,29,16,0,04/12/1958,247739.6,30377.64,25882.69,44839.17,32605.66,18501.89,34461.17,25720.88,19262.46,5904.46,9654.69,528.89,33763.0,1088262.38,109912.12,110159.23,104418.43,104366.11,108917.92,108917.92,109011.86,110852.93,110852.93,110852.93,0
 SHÉRIDAN ESTÉRFANY OLIVEIRA RAMOS,F,53,39,35,0,3,0,11/04/1984,406013.67,47717.67,50310.81,47454.5,20489.75,41030.4,35713.64,41489.54,36464.07,37465.47,41866.9,6010.92,33763.0,1045548.64,104351.76,98699.47,100259.52,100363.57,99170.39,111192.45,104911.24,108772.24,109791.3,108036.7,0
 SAMIA DE SOUZA BOMFIM,F,78,14,14,32,3,0,22/08/1989,320776.66,29863.31,33173.07,52100.08,33373.57,49527.82,25800.86,31637.36,25034.27,10727.26,25539.06,4000.0,33763.0,1089070.53,101425.05,108439.14,108239.71,106353.47,110257.66,110871.1,110871.1,110871.1,110871.1,110871.1,0
 SILVIA CRISTINA AMANCIO CHAGAS,F,89,3,2,55,36,5,15/01/1974,326142.16,38497.24,41381.49,41593.07,52095.78,77841.57,30489.93,21356.3,8189.34,4412.39,7253.38,3031.67,33763.0,1112657.25,111374.48,110870.15,110767.11,111370.23,111247.85,111259.6,111526.12,111514.99,111410.91,111315.81,0
 TALIRIA PETRONE SOARES,F,76,16,14,27,51,19,09/04/1985,273733.18,35801.22,32189.96,31865.89,45403.28,29413.08,37323.98,24098.94,23355.39,10439.8,3279.24,562.4,33763.0,1114287.26,111647.51,111647.51,111647.51,111555.29,111584.31,111647.53,111647.53,110216.76,111417.0,111276.31,0
 TEREZA NELMA DA SILVA PORTO VIANA SOARES,F,79,13,13,103,85,49,07/10/1957,366423.07,42581.54,41297.61,47878.77,54271.73,56885.66,33460.03,30126.11,27479.91,24726.16,3330.45,4385.1,33763.0,1096693.18,111471.49,109973.66,109423.19,109733.42,109422.19,104705.24,109483.86,110785.88,110860.47,110833.78,0
